{
  "usingComponents": {
    "dsjSinput": "/component/dsjSinput/dsjSinput",
    "dySinput": "/component/dySinput/dySinput",
    "yrSinput": "/component/yrSinput/yrSinput",
    "dmSinput": "/component/dmSinput/dmSinput",
    "dmrwSinput": "/component/dmrwSinput/dmrwSinput",
    "yxSinput": "/component/yxSinput/yxSinput",
    "yxrwSinput": "/component/yxrwSinput/yxrwSinput",
    "xsSinput": "/component/xsSinput/xsSinput",
    "xsrwSinput": "/component/xsrwSinput/xsrwSinput",
    "fhSinput": "/component/fhSinput/fhSinput",
    "lfdmSinput": "/component/lfdmSinput/lfdmSinput",
    "mhSinput": "/component/mhSinput/mhSinput"
  }
}